{
    "model_name": "TinyLlama/TinyLlama-1.1B-Chat-v1.0",
    "baseline_loss": 3.300832450389862,
    "layer_params": {
        "0": 44040192,
        "1": 44040192,
        "2": 44040192,
        "3": 44040192,
        "4": 44040192,
        "5": 44040192,
        "6": 44040192,
        "7": 44040192,
        "8": 44040192,
        "9": 44040192,
        "10": 44040192,
        "11": 44040192,
        "12": 44040192,
        "13": 44040192,
        "14": 44040192,
        "15": 44040192,
        "16": 44040192,
        "17": 44040192,
        "18": 44040192,
        "19": 44040192,
        "20": 44040192,
        "21": 44040192
    },
    "sensitivity": {
        "0_2": 0.18144577741622925,
        "0_4": 0.002732217311859131,
        "0_8": 0.00026410818099975586,
        "1_2": 0.33819133043289185,
        "1_4": 0.0014357566833496094,
        "1_8": 0.0008075833320617676,
        "2_2": 0.4536793828010559,
        "2_4": 0.011282205581665039,
        "2_8": 0.00016558170318603516,
        "3_2": 0.12974298000335693,
        "3_4": 0.003368675708770752,
        "3_8": 0.0,
        "4_2": 0.10655796527862549,
        "4_4": 0.0011107325553894043,
        "4_8": 0.0003172159194946289,
        "5_2": 0.07272428274154663,
        "5_4": 0.0,
        "5_8": 0.0,
        "6_2": 0.1119583249092102,
        "6_4": 0.0,
        "6_8": 0.0,
        "7_2": 0.13428378105163574,
        "7_4": 0.023642003536224365,
        "7_8": 0.0,
        "8_2": 0.07634502649307251,
        "8_4": 0.00018286705017089844,
        "8_8": 0.0,
        "9_2": 0.07694268226623535,
        "9_4": 0.008220911026000977,
        "9_8": 0.0,
        "10_2": 0.06426072120666504,
        "10_4": 0.0,
        "10_8": 0.0,
        "11_2": 0.01860785484313965,
        "11_4": 0.0,
        "11_8": 0.0,
        "12_2": 0.05056452751159668,
        "12_4": 0.005128026008605957,
        "12_8": 0.0,
        "13_2": 0.037674009799957275,
        "13_4": 0.0016763806343078613,
        "13_8": 0.0,
        "14_2": 0.11341321468353271,
        "14_4": 0.007277250289916992,
        "14_8": 1.7404556274414062e-05,
        "15_2": 0.12289243936538696,
        "15_4": 0.0013679862022399902,
        "15_8": 0.0003458261489868164,
        "16_2": 0.12313872575759888,
        "16_4": 0.0026959776878356934,
        "16_8": 0.00040906667709350586,
        "17_2": 0.0826231837272644,
        "17_4": 0.0,
        "17_8": 0.0,
        "18_2": 0.158702552318573,
        "18_4": 0.0011411309242248535,
        "18_8": 3.463029861450195e-05,
        "19_2": 0.16513609886169434,
        "19_4": 0.0030189156532287598,
        "19_8": 0.0,
        "20_2": 0.21713727712631226,
        "20_4": 0.003970444202423096,
        "20_8": 0.0,
        "21_2": 0.5462448596954346,
        "21_4": 0.030048727989196777,
        "21_8": 0.0
    }
}